name;group_name;group_folder_path;target;tags
топвизор;топвизор;;;
topvisor;топвизор;;;
топвизор проверка позиций сайта;топвизор;;;
топвизор проверка позиций;топвизор;;;
проверка позиций сайта;проверка позиций сайта;;;
проверить позиции сайта;проверка позиций сайта;;;
проверить позиции;проверка позиций сайта;;;
анализ сайта;анализ сайта;;;
анализ сайта онлайн;анализ сайта;;;
технический анализ сайта;анализ сайта;;;
анализ сайта проверка икс позиций сайта онлайн;анализ сайта;;;
проверка позиции сайта в яндексе по запросу;проверка позиции сайта в яндексе по запросу;;;
проверка позиций google;проверка позиции сайта в яндексе по запросу;;;
проверка позиций страницы сайта;проверка позиции сайта в яндексе по запросу;;;
проверка позиций сайта по регионам;проверка позиции сайта в яндексе по запросу;;;
проверка позиции группы;проверка позиции группы;;;
проверка позиций сайтов конкурентов;проверка позиции группы;;;
подбор слов;подбор слов;;;
подбор ключевых слов;подбор слов;;;
топвизор снимки выдачи;топвизор снимки выдачи;;;
снимки выдачи;топвизор снимки выдачи;;;
анализ конкурентов топвизор;топвизор снимки выдачи;;;
апдейты яндекса;апдейты яндекса;;;
апдейт яндекса;апдейты яндекса;;;
апдейты яндекс;апдейты яндекса;;;
скрипт проверка позиций;скрипт проверка позиций;;;
скрипт проверки позиций сайта;скрипт проверка позиций;;;
реферальная программа топвизор;реферальная программа топвизор;;;
партнерская программа топвизор;реферальная программа топвизор;;;
сервис аналитики seo;сервис аналитика seo;;;
сервис аналитика seo;сервис аналитика seo;;;
сервис seo аналитика;сервис аналитика seo;;;
